Link,Book name,Author name,Year,Genres
https://knigogo.net/knigi/tri-tovarishha/#lib_book_download,–¢—Ä–∏ —Ç–æ–≤–∞—Ä–∏—â–∞,['–≠—Ä–∏—Ö –ú–∞—Ä–∏—è –†–µ–º–∞—Ä–∫'],2012,"['–ó–∞—Ä—É–±–µ–∂–Ω–∞—è –∫–ª–∞—Å—Å–∏–∫–∞', '–ö–ª–∞—Å—Å–∏—á–µ—Å–∫–∞—è –ø—Ä–æ–∑–∞', '–õ–∏—Ç–µ—Ä–∞—Ç—É—Ä–∞ 20 –≤–µ–∫–∞']"
https://knigogo.net/knigi/nagrada-dlya-generala-kniga-pervaya-shepot-vetra/#lib_book_download,–ù–∞–≥—Ä–∞–¥–∞ –¥–ª—è –≥–µ–Ω–µ—Ä–∞–ª–∞. –ö–Ω–∏–≥–∞ –ø–µ—Ä–≤–∞—è,['–õ–µ–Ω–∞ –õ–µ—Ç–Ω—è—è'],2019,[]
https://knigogo.net/knigi/morskoj-volk/#lib_book_download,–ú–æ—Ä—Å–∫–æ–π –≤–æ–ª–∫,['–î–∂–µ–∫ –õ–æ–Ω–¥–æ–Ω'],2016,"['–ó–∞—Ä—É–±–µ–∂–Ω–∞—è –∫–ª–∞—Å—Å–∏–∫–∞', '–ó–∞—Ä—É–±–µ–∂–Ω—ã–µ –ø—Ä–∏–∫–ª—é—á–µ–Ω–∏—è', '–õ–∏—Ç–µ—Ä–∞—Ç—É—Ä–∞ 20 –≤–µ–∫–∞', '–ú–æ—Ä—Å–∫–∏–µ –ø—Ä–∏–∫–ª—é—á–µ–Ω–∏—è']"
https://knigogo.net/knigi/brisben/#lib_book_download,–ë—Ä–∏—Å–±–µ–Ω,['–ï–≤–≥–µ–Ω–∏–π –ì–µ—Ä–º–∞–Ω–æ–≤–∏—á –í–æ–¥–æ–ª–∞–∑–∫–∏–Ω'],2018,[]
https://knigogo.net/knigi/master-i-margarita-bulgakov/#lib_book_download,–ú–∞—Å—Ç–µ—Ä –∏ –ú–∞—Ä–≥–∞—Ä–∏—Ç–∞,['–ú–∏—Ö–∞–∏–ª –ë—É–ª–≥–∞–∫–æ–≤'],1940,"['–†—É—Å—Å–∫–∞—è –∫–ª–∞—Å—Å–∏–∫–∞', '–ö–ª–∞—Å—Å–∏—á–µ—Å–∫–∞—è –ø—Ä–æ–∑–∞', '–£–∂–∞—Å—ã –∏ –ú–∏—Å—Ç–∏–∫–∞', '–°–æ—Ü–∏–∞–ª—å–Ω–∞—è —Ñ–∞–Ω—Ç–∞—Å—Ç–∏–∫–∞', '–®–∫–æ–ª—å–Ω–∞—è –ª–∏—Ç–µ—Ä–∞—Ç—É—Ä–∞ 11 –∫–ª–∞—Å—Å', 'üéì –®–∫–æ–ª—å–Ω–∞—è –ª–∏—Ç–µ—Ä–∞—Ç—É—Ä–∞']"
https://knigogo.net/knigi/unesennye-vetrom-tom-1/#lib_book_download,–£–Ω–µ—Å–µ–Ω–Ω—ã–µ –≤–µ—Ç—Ä–æ–º. –¢–æ–º 1,['–ú–∞—Ä–≥–∞—Ä–µ—Ç –ú–∏—Ç—á–µ–ª–ª'],1936,"['–ó–∞—Ä—É–±–µ–∂–Ω–∞—è –∫–ª–∞—Å—Å–∏–∫–∞', '–ò—Å—Ç–æ—Ä–∏—á–µ—Å–∫–∏–µ –ª—é–±–æ–≤–Ω—ã–µ —Ä–æ–º–∞–Ω—ã', '–õ–∏—Ç–µ—Ä–∞—Ç—É—Ä–∞ 20 –≤–µ–∫–∞']"
https://knigogo.net/knigi/deti-kapitana-granta/#lib_book_download,–î–µ—Ç–∏ –∫–∞–ø–∏—Ç–∞–Ω–∞ –ì—Ä–∞–Ω—Ç–∞,['–ñ—é–ª—å –í–µ—Ä–Ω'],2009,"['–ó–∞—Ä—É–±–µ–∂–Ω–∞—è –∫–ª–∞—Å—Å–∏–∫–∞', '–ó–∞—Ä—É–±–µ–∂–Ω—ã–µ –ø—Ä–∏–∫–ª—é—á–µ–Ω–∏—è', '–ö–Ω–∏–≥–∏ –æ –ü—É—Ç–µ—à–µ—Å—Ç–≤–∏—è—Ö', '–õ–∏—Ç–µ—Ä–∞—Ç—É—Ä–∞ 19 –≤–µ–∫–∞', '–ú–æ—Ä—Å–∫–∏–µ –ø—Ä–∏–∫–ª—é—á–µ–Ω–∏—è']"
https://knigogo.net/knigi/dom-v-kotorom/#lib_book_download,"–î–æ–º, –≤ –∫–æ—Ç–æ—Ä–æ–º‚Ä¶",['–ú–∞—Ä–∏–∞–º –ü–µ—Ç—Ä–æ—Å—è–Ω'],2008,"['–°–æ–≤—Ä–µ–º–µ–Ω–Ω–∞—è —Ä—É—Å—Å–∫–∞—è –ª–∏—Ç–µ—Ä–∞—Ç—É—Ä–∞', '–ó–∞—Ä—É–±–µ–∂–Ω—ã–µ –ª—é–±–æ–≤–Ω—ã–µ —Ä–æ–º–∞–Ω—ã', '–°–æ–≤—Ä–µ–º–µ–Ω–Ω—ã–µ –ª—é–±–æ–≤–Ω—ã–µ —Ä–æ–º–∞–Ω—ã']"
https://knigogo.net/knigi/krestnyj-otets/#lib_book_download,–ö—Ä–µ—Å—Ç–Ω—ã–π –æ—Ç–µ—Ü,['–ú–∞—Ä–∏–æ –ü—å—é–∑–æ'],1969,"['–ó–∞—Ä—É–±–µ–∂–Ω–∞—è –∫–ª–∞—Å—Å–∏–∫–∞', '–õ–∏—Ç–µ—Ä–∞—Ç—É—Ä–∞ 20 –≤–µ–∫–∞']"
https://knigogo.net/knigi/ubit-peresmeshnika/#lib_book_download,–£–±–∏—Ç—å –ø–µ—Ä–µ—Å–º–µ—à–Ω–∏–∫–∞,['–•–∞—Ä–ø–µ—Ä –õ–∏'],1960,"['–ó–∞—Ä—É–±–µ–∂–Ω–∞—è –∫–ª–∞—Å—Å–∏–∫–∞', '–õ–∏—Ç–µ—Ä–∞—Ç—É—Ä–∞ 20 –≤–µ–∫–∞']"
https://knigogo.net/knigi/devushka-s-tatuirovkoj-drakona/#lib_book_download,–î–µ–≤—É—à–∫–∞ —Å —Ç–∞—Ç—É–∏—Ä–æ–≤–∫–æ–π –¥—Ä–∞–∫–æ–Ω–∞,['–°—Ç–∏–≥ –õ–∞—Ä—Å—Å–æ–Ω'],2005,"['–ó–∞—Ä—É–±–µ–∂–Ω—ã–µ –¥–µ—Ç–µ–∫—Ç–∏–≤—ã', '–¢—Ä–∏–ª–ª–µ—Ä—ã']"
https://knigogo.net/knigi/robinzon-kruzo/#lib_book_download,–†–æ–±–∏–Ω–∑–æ–Ω –ö—Ä—É–∑–æ,['–î–∞–Ω–∏—ç–ª—å –î–µ—Ñ–æ'],1719,"['–ó–∞—Ä—É–±–µ–∂–Ω–∞—è –∫–ª–∞—Å—Å–∏–∫–∞', '–ó–∞—Ä—É–±–µ–∂–Ω—ã–µ –ø—Ä–∏–∫–ª—é—á–µ–Ω–∏—è', '–ò—Å—Ç–æ—Ä–∏—á–µ—Å–∫–∏–µ –ø—Ä–∏–∫–ª—é—á–µ–Ω–∏—è', '–ö–Ω–∏–≥–∏ –æ –ü—É—Ç–µ—à–µ—Å—Ç–≤–∏—è—Ö', '–õ–∏—Ç–µ—Ä–∞—Ç—É—Ä–∞ 18 –≤–µ–∫–∞', 'üéì –®–∫–æ–ª—å–Ω–∞—è –ª–∏—Ç–µ—Ä–∞—Ç—É—Ä–∞', '–®–∫–æ–ª—å–Ω–∞—è –ª–∏—Ç–µ—Ä–∞—Ç—É—Ä–∞ 6 –∫–ª–∞—Å—Å']"
https://knigogo.net/knigi/odisseya/#lib_book_download,–û–¥–∏—Å—Å–µ—è,['–ì–æ–º–µ—Ä'],XXXX,"['–ú–∏—Ñ—ã. –õ–µ–≥–µ–Ω–¥—ã. –≠–ø–æ—Å', '–ó–∞—Ä—É–±–µ–∂–Ω–∞—è —Å—Ç–∞—Ä–∏–Ω–Ω–∞—è –ª–∏—Ç–µ—Ä–∞—Ç—É—Ä–∞', '–ê–Ω—Ç–∏—á–Ω–∞—è –ª–∏—Ç–µ—Ä–∞—Ç—É—Ä–∞', '–ü–æ—ç–∑–∏—è', 'üéì –®–∫–æ–ª—å–Ω–∞—è –ª–∏—Ç–µ—Ä–∞—Ç—É—Ä–∞', '–®–∫–æ–ª—å–Ω–∞—è –ª–∏—Ç–µ—Ä–∞—Ç—É—Ä–∞ 9 –∫–ª–∞—Å—Å']"
https://knigogo.net/knigi/doroga/#lib_book_download,–î–æ—Ä–æ–≥–∞,['–ö–æ—Ä–º–∞–∫ –ú–∞–∫–∫–∞—Ä—Ç–∏'],2006,"['–ó–∞—Ä—É–±–µ–∂–Ω–∞—è —Ñ–∞–Ω—Ç–∞—Å—Ç–∏–∫–∞', '–ó–∞—Ä—É–±–µ–∂–Ω—ã–µ –¥–µ—Ç–µ–∫—Ç–∏–≤—ã', '–°–æ—Ü–∏–∞–ª—å–Ω–∞—è —Ñ–∞–Ω—Ç–∞—Å—Ç–∏–∫–∞', '–¢—Ä–∏–ª–ª–µ—Ä—ã', '–ö–Ω–∏–≥–∏ –ø—Ä–æ –ø–æ—Å—Ç–∞–ø–æ–∫–∞–ª–∏–ø—Å–∏—Å']"
https://knigogo.net/knigi/zadacha-treh-tel/#lib_book_download,–ó–∞–¥–∞—á–∞ —Ç—Ä–µ—Ö —Ç–µ–ª,['–õ—é –¶—ã—Å–∏–Ω—å'],2006,"['–ë–æ–µ–≤–∞—è —Ñ–∞–Ω—Ç–∞—Å—Ç–∏–∫–∞', '–ó–∞—Ä—É–±–µ–∂–Ω–∞—è —Ñ–∞–Ω—Ç–∞—Å—Ç–∏–∫–∞', '–ö–æ—Å–º–∏—á–µ—Å–∫–∞—è —Ñ–∞–Ω—Ç–∞—Å—Ç–∏–∫–∞', '–ù–∞—É—á–Ω–∞—è —Ñ–∞–Ω—Ç–∞—Å—Ç–∏–∫–∞', '–°–æ—Ü–∏–∞–ª—å–Ω–∞—è —Ñ–∞–Ω—Ç–∞—Å—Ç–∏–∫–∞']"
https://knigogo.net/knigi/zavodnoj-apelsin/#lib_book_download,–ó–∞–≤–æ–¥–Ω–æ–π –∞–ø–µ–ª—å—Å–∏–Ω,['–≠–Ω—Ç–æ–Ω–∏ –ë—ë—Ä–¥–∂–µ—Å—Å'],1962,"['–ó–∞—Ä—É–±–µ–∂–Ω–∞—è –∫–ª–∞—Å—Å–∏–∫–∞', '–°–æ—Ü–∏–∞–ª—å–Ω–∞—è —Ñ–∞–Ω—Ç–∞—Å—Ç–∏–∫–∞', '–ö–∏–±–µ—Ä–ø–∞–Ω–∫']"
https://knigogo.net/knigi/chelovek-amfibiya/#lib_book_download,–ß–µ–ª–æ–≤–µ–∫-–∞–º—Ñ–∏–±–∏—è,['–ê–ª–µ–∫—Å–∞–Ω–¥—Ä –†–æ–º–∞–Ω–æ–≤–∏—á –ë–µ–ª—è–µ–≤'],1927,"['–õ–∏—Ç–µ—Ä–∞—Ç—É—Ä–∞ 20 –≤–µ–∫–∞', '–ù–∞—É—á–Ω–∞—è —Ñ–∞–Ω—Ç–∞—Å—Ç–∏–∫–∞', '–†—É—Å—Å–∫–∞—è –∫–ª–∞—Å—Å–∏–∫–∞', '–°–æ–≤–µ—Ç—Å–∫–∞—è –ª–∏—Ç–µ—Ä–∞—Ç—É—Ä–∞', '–°–æ—Ü–∏–∞–ª—å–Ω–∞—è —Ñ–∞–Ω—Ç–∞—Å—Ç–∏–∫–∞']"
https://knigogo.net/knigi/pohoronite-menya-za-plintusom/#lib_book_download,–ü–æ—Ö–æ—Ä–æ–Ω–∏—Ç–µ –º–µ–Ω—è –∑–∞ –ø–ª–∏–Ω—Ç—É—Å–æ–º,['–ü–∞–≤–µ–ª –°–∞–Ω–∞–µ–≤'],1995,[]
https://knigogo.net/knigi/alisa-v-strane-chudes/#lib_book_download,–ê–ª–∏—Å–∞ –≤ –°—Ç—Ä–∞–Ω–µ —á—É–¥–µ—Å,['–õ—å—é–∏—Å –ö—ç—Ä—Ä–æ–ª–ª'],2011,"['–î–µ—Ç—Å–∫–∏–µ –ø—Ä–∏–∫–ª—é—á–µ–Ω–∏—è', '–ó–∞—Ä—É–±–µ–∂–Ω–∞—è –∫–ª–∞—Å—Å–∏–∫–∞', '–ó–∞—Ä—É–±–µ–∂–Ω–∞—è —Å—Ç–∞—Ä–∏–Ω–Ω–∞—è –ª–∏—Ç–µ—Ä–∞—Ç—É—Ä–∞', '–ó–∞—Ä—É–±–µ–∂–Ω—ã–µ –¥–µ—Ç—Å–∫–∏–µ –∫–Ω–∏–≥–∏', '–õ–∏—Ç–µ—Ä–∞—Ç—É—Ä–∞ 19 –≤–µ–∫–∞', '–°–∫–∞–∑–∫–∏']"
